Artigo,Funexpression
BCIN_16g04050,BCIN_01g00180
BCIN_15g01990,BCIN_01g00330
BCIN_16g00280,BCIN_01g00380
BCIN_02g05600,BCIN_01g00390
BCIN_01g06910,BCIN_01g00430
BCIN_07g06440,BCIN_01g00450
BCIN_06g02290,BCIN_01g00460
BCIN_05g04010,BCIN_01g00520
BCIN_05g04400,BCIN_01g00530
BCIN_01g06040,BCIN_01g00540
BCIN_16g03370,BCIN_01g00640
BCIN_02g09240,BCIN_01g00840
BCIN_01g01480,BCIN_01g00920
BCIN_16g05198,BCIN_01g01080
BCIN_01g08900,BCIN_01g01140
BCIN_01g05620,BCIN_01g01190
BCIN_16g01630,BCIN_01g01220
BCIN_13g00080,BCIN_01g01280
BCIN_10g00060,BCIN_01g01310
BCIN_11g03580,BCIN_01g01330
BCIN_01g04060,BCIN_01g01350
BCIN_08g04700,BCIN_01g01740
BCIN_12g00130,BCIN_01g01790
BCIN_12g00350,BCIN_01g01890
BCIN_03g02050,BCIN_01g02050
BCIN_06g04560,BCIN_01g02160
BCIN_01g08200,BCIN_01g02170
BCIN_16g02960,BCIN_01g02310
BCIN_16g02760,BCIN_01g02330
BCIN_05g04840,BCIN_01g02400
BCIN_11g06400,BCIN_01g02430
BCIN_08g02810,BCIN_01g02450
BCIN_09g01020,BCIN_01g02460
BCIN_03g05600,BCIN_01g02470
BCIN_11g04630,BCIN_01g02565
BCIN_02g01630,BCIN_01g02630
BCIN_08g06330,BCIN_01g02660
BCIN_02g00800,BCIN_01g02720
BCIN_02g04470,BCIN_01g02800
BCIN_16g02970,BCIN_01g02840
BCIN_03g04460,BCIN_01g02950
BCIN_09g05090,BCIN_01g03250
BCIN_14g01650,BCIN_01g03260
BCIN_16g00680,BCIN_01g03470
BCIN_16g04600,BCIN_01g03480
BCIN_09g00590,BCIN_01g03780
BCIN_09g01030,BCIN_01g03820
BCIN_06g01530,BCIN_01g04110
BCIN_10g00500,BCIN_01g04120
BCIN_07g06780,BCIN_01g04310
BCIN_10g02550,BCIN_01g04380
BCIN_05g01800,BCIN_01g04500
BCIN_08g02060,BCIN_01g04510
BCIN_14g05420,BCIN_01g04580
BCIN_13g02160,BCIN_01g04620
BCIN_04g05890,BCIN_01g04640
BCIN_09g03850,BCIN_01g04660
BCIN_02g03480,BCIN_01g04700
BCIN_09g01060,BCIN_01g04730
BCIN_08g03310,BCIN_01g04870
BCIN_12g03520,BCIN_01g04890
BCIN_04g05140,BCIN_01g04910
BCIN_11g02520,BCIN_01g04970
BCIN_08g06340,BCIN_01g05110
BCIN_08g02820,BCIN_01g05140
BCIN_01g08690,BCIN_01g05160
BCIN_06g06430,BCIN_01g05190
BCIN_07g04370,BCIN_01g05270
BCIN_04g02660,BCIN_01g05310
BCIN_12g05860,BCIN_01g05380
BCIN_01g02900,BCIN_01g05610
BCIN_08g02160,BCIN_01g05710
BCIN_03g00890,BCIN_01g05730
BCIN_09g04220,BCIN_01g05740
BCIN_07g06590,BCIN_01g05860
BCIN_01g06380,BCIN_01g05880
BCIN_02g09120,BCIN_01g05890
BCIN_09g04230,BCIN_01g05910
BCIN_15g00080,BCIN_01g05920
BCIN_15g01040,BCIN_01g05930
BCIN_03g00530,BCIN_01g06000
BCIN_10g02340,BCIN_01g06010
BCIN_06g05370,BCIN_01g06030
BCIN_12g06690,BCIN_01g06080
BCIN_13g03970,BCIN_01g06140
BCIN_02g05500,BCIN_01g06200
BCIN_01g05790,BCIN_01g06250
BCIN_16g04150,BCIN_01g06260
BCIN_03g01100,BCIN_01g06270
BCIN_03g08070,BCIN_01g06280
BCIN_16g04030,BCIN_01g06300
BCIN_12g03690,BCIN_01g06310
BCIN_13g01300,BCIN_01g06330
BCIN_01g09030,BCIN_01g06420
BCIN_14g00660,BCIN_01g06430
BCIN_14g04690,BCIN_01g06470
BCIN_13g01670,BCIN_01g06510
BCIN_05g00020,BCIN_01g06580
BCIN_07g03820,BCIN_01g06600
BCIN_09g03130,BCIN_01g06620
BCIN_13g02550,BCIN_01g06710
BCIN_15g02380,BCIN_01g06720
BCIN_04g03720,BCIN_01g06860
BCIN_10g03450,BCIN_01g06900
BCIN_14g05560,BCIN_01g06950
BCIN_16g02260,BCIN_01g07040
BCIN_12g05650,BCIN_01g07050
BCIN_15g03050,BCIN_01g07090
BCIN_11g01450,BCIN_01g07110
BCIN_01g01460,BCIN_01g07120
BCIN_03g01150,BCIN_01g07270
BCIN_16g02950,BCIN_01g07330
BCIN_14g01150,BCIN_01g07340
BCIN_16g03620,BCIN_01g07500
BCIN_01g03900,BCIN_01g07580
BCIN_01g05630,BCIN_01g07600
BCIN_02g00810,BCIN_01g07610
BCIN_10g05550,BCIN_01g07650
BCIN_12g06310,BCIN_01g07660
BCIN_16g04160,BCIN_01g07670
BCIN_10g06150,BCIN_01g07690
BCIN_02g00620,BCIN_01g07740
BCIN_08g00280,BCIN_01g07800
BCIN_14g03720,BCIN_01g07840
BCIN_07g01690,BCIN_01g07890
BCIN_01g03720,BCIN_01g07990
BCIN_15g03040,BCIN_01g08000
BCIN_07g06540,BCIN_01g08040
BCIN_09g05950,BCIN_01g08080
BCIN_08g04090,BCIN_01g08170
BCIN_03g03700,BCIN_01g08210
BCIN_02g02090,BCIN_01g08230
BCIN_01g06760,BCIN_01g08240
BCIN_01g08910,BCIN_01g08530
BCIN_14g04610,BCIN_01g08550
BCIN_01g03810,BCIN_01g08730
BCIN_08g04380,BCIN_01g08760
BCIN_08g05580,BCIN_01g08820
BCIN_12g01530,BCIN_01g08840
BCIN_07g02080,BCIN_01g08870
BCIN_06g02700,BCIN_01g08920
BCIN_06g06510,BCIN_01g08970
BCIN_08g01450,BCIN_01g08990
BCIN_09g02500,BCIN_01g09000
BCIN_13g03660,BCIN_01g09020
BCIN_08g01400,BCIN_01g09230
BCIN_12g06060,BCIN_01g09260
BCIN_02g05690,BCIN_01g09300
BCIN_12g00300,BCIN_01g09380
BCIN_06g03160,BCIN_01g09470
BCIN_13g01770,BCIN_01g09500
BCIN_09g00600,BCIN_01g09540
BCIN_01g06100,BCIN_01g09720
BCIN_01g08330,BCIN_01g09730
BCIN_05g03070,BCIN_01g09740
BCIN_12g06050,BCIN_01g09780
BCIN_10g02610,BCIN_01g09810
BCIN_11g04960,BCIN_01g09900
BCIN_09g05960,BCIN_01g09940
BCIN_05g01500,BCIN_01g10050
BCIN_02g02810,BCIN_01g10060
BCIN_02g04770,BCIN_01g10180
BCIN_01g09180,BCIN_01g10270
BCIN_03g02340,BCIN_01g10280
BCIN_08g05220,BCIN_01g10330
BCIN_10g00720,BCIN_01g10350
BCIN_16g01120,BCIN_01g10380
BCIN_04g01700,BCIN_01g10400
BCIN_03g07970,BCIN_01g10430
BCIN_05g00650,BCIN_01g10460
BCIN_02g05780,BCIN_01g10710
BCIN_04g03320,BCIN_01g10720
BCIN_05g00110,BCIN_01g10750
BCIN_16g00310,BCIN_01g10760
BCIN_05g07660,BCIN_01g10770
BCIN_07g06180,BCIN_01g10780
BCIN_15g05140,BCIN_01g10810
BCIN_02g07280,BCIN_01g10840
BCIN_11g06470,BCIN_01g10960
BCIN_01g06290,BCIN_01g10970
BCIN_07g04620,BCIN_01g10980
BCIN_16g00180,BCIN_01g11360
BCIN_03g01970,BCIN_01g11450
BCIN_16g01610,BCIN_01g11460
BCIN_13g03210,BCIN_01g11500
BCIN_01g01300,BCIN_01g11510
BCIN_05g06830,BCIN_01g11550
BCIN_02g02000,BCIN_02g00030
BCIN_11g02590,BCIN_02g00090
BCIN_11g02040,BCIN_02g00120
BCIN_15g02090,BCIN_02g00170
BCIN_03g01560,BCIN_02g00190
BCIN_08g01020,BCIN_02g00210
BCIN_12g03100,BCIN_02g00850
BCIN_11g04210,BCIN_02g00880
BCIN_10g05240,BCIN_02g00890
BCIN_02g07270,BCIN_02g00910
BCIN_14g05450,BCIN_02g00970
BCIN_01g03910,BCIN_02g01130
BCIN_13g02790,BCIN_02g01150
BCIN_05g02290,BCIN_02g01230
BCIN_08g01690,BCIN_02g01280
BCIN_04g06890,BCIN_02g01390
BCIN_05g05550,BCIN_02g01490
BCIN_10g02450,BCIN_02g01510
BCIN_11g02360,BCIN_02g01550
BCIN_01g07630,BCIN_02g01660
BCIN_10g05630,BCIN_02g01760
BCIN_06g03850,BCIN_02g01770
BCIN_04g05500,BCIN_02g01780
BCIN_10g06090,BCIN_02g01800
BCIN_04g05960,BCIN_02g01820
BCIN_03g02100,BCIN_02g01850
BCIN_02g03390,BCIN_02g02010
BCIN_10g00990,BCIN_02g02050
BCIN_15g05380,BCIN_02g02270
BCIN_04g06380,BCIN_02g02360
BCIN_02g00360,BCIN_02g02490
BCIN_02g01730,BCIN_02g02530
BCIN_11g06490,BCIN_02g02570
BCIN_05g05310,BCIN_02g02710
BCIN_16g04020,BCIN_02g02760
BCIN_16g01810,BCIN_02g02830
BCIN_05g01430,BCIN_02g02840
BCIN_05g01150,BCIN_02g02870
BCIN_11g02050,BCIN_02g02890
BCIN_03g07350,BCIN_02g02900
BCIN_10g05310,BCIN_02g02930
BCIN_15g04010,BCIN_02g02960
BCIN_12g04740,BCIN_02g03060
BCIN_14g05270,BCIN_02g03170
BCIN_09g03790,BCIN_02g03200
BCIN_01g04040,BCIN_02g03290
BCIN_09g05110,BCIN_02g03300
BCIN_02g00350,BCIN_02g03340
BCIN_03g00820,BCIN_02g03410
BCIN_10g00540,BCIN_02g03510
BCIN_08g01200,BCIN_02g03590
BCIN_12g02320,BCIN_02g03850
BCIN_01g02910,BCIN_02g03950
BCIN_10g00030,BCIN_02g04100
BCIN_04g05110,BCIN_02g04120
BCIN_02g05470,BCIN_02g04180
BCIN_12g02040,BCIN_02g04260
BCIN_05g03620,BCIN_02g04290
BCIN_08g03480,BCIN_02g04330
BCIN_05g01520,BCIN_02g04340
BCIN_13g00720,BCIN_02g04350
BCIN_06g01220,BCIN_02g04380
BCIN_15g00260,BCIN_02g04560
BCIN_14g00090,BCIN_02g04720
BCIN_02g06510,BCIN_02g04780
BCIN_03g06220,BCIN_02g04830
BCIN_11g06460,BCIN_02g04880
BCIN_05g06230,BCIN_02g04960
BCIN_05g08230,BCIN_02g04980
BCIN_07g05120,BCIN_02g05030
BCIN_10g00020,BCIN_02g05110
BCIN_07g05420,BCIN_02g05520
BCIN_09g04320,BCIN_02g05660
BCIN_08g01910,BCIN_02g05670
BCIN_07g01270,BCIN_02g05950
BCIN_06g02960,BCIN_02g05990
BCIN_03g05140,BCIN_02g06140
BCIN_02g07390,BCIN_02g06160
BCIN_15g03980,BCIN_02g06220
BCIN_12g03920,BCIN_02g06330
BCIN_15g03990,BCIN_02g06440
BCIN_12g02080,BCIN_02g06530
BCIN_09g02830,BCIN_02g06550
BCIN_04g03810,BCIN_02g06590
BCIN_14g00080,BCIN_02g06670
BCIN_14g00650,BCIN_02g06700
BCIN_04g01560,BCIN_02g06780
BCIN_02g03570,BCIN_02g06830
BCIN_05g03190,BCIN_02g06910
BCIN_14g02560,BCIN_02g06930
BCIN_12g01520,BCIN_02g06940
BCIN_04g06930,BCIN_02g06970
BCIN_13g02380,BCIN_02g07030
BCIN_14g03750,BCIN_02g07180
BCIN_12g03420,BCIN_02g07220
BCIN_02g00380,BCIN_02g07290
BCIN_05g01160,BCIN_02g07320
BCIN_01g00590,BCIN_02g07400
BCIN_05g05830,BCIN_02g07470
BCIN_14g02000,BCIN_02g07490
BCIN_04g05950,BCIN_02g07500
BCIN_12g01150,BCIN_02g07540
BCIN_02g04600,BCIN_02g07550
BCIN_08g00410,BCIN_02g07620
BCIN_03g08350,BCIN_02g07630
BCIN_08g00950,BCIN_02g07640
BCIN_16g02520,BCIN_02g07680
BCIN_15g04000,BCIN_02g07690
BCIN_05g00300,BCIN_02g07700
BCIN_04g04300,BCIN_02g07720
BCIN_18g00190,BCIN_02g07810
BCIN_06g02300,BCIN_02g07830
BCIN_16g00080,BCIN_02g07900
BCIN_08g07040,BCIN_02g07920
BCIN_02g08880,BCIN_02g07980
BCIN_01g02880,BCIN_02g08050
BCIN_01g05980,BCIN_02g08080
BCIN_08g06570,BCIN_02g08180
BCIN_11g03460,BCIN_02g08280
BCIN_14g03470,BCIN_02g08300
BCIN_03g05390,BCIN_02g08310
BCIN_15g03970,BCIN_02g08320
BCIN_11g04970,BCIN_02g08330
BCIN_01g02100,BCIN_02g08400
BCIN_04g06630,BCIN_02g08510
BCIN_02g07210,BCIN_02g08560
BCIN_11g01020,BCIN_02g08600
BCIN_05g07920,BCIN_02g08630
BCIN_11g03090,BCIN_02g08670
BCIN_02g03000,BCIN_02g08700
BCIN_15g02860,BCIN_02g08760
BCIN_03g00560,BCIN_02g08820
BCIN_01g03520,BCIN_02g08830
BCIN_12g04120,BCIN_02g08840
BCIN_12g00630,BCIN_02g08850
BCIN_07g02510,BCIN_02g08860
BCIN_06g03470,BCIN_02g09140
BCIN_09g03770,BCIN_02g09280
BCIN_07g00310,BCIN_02g09300
BCIN_07g01090,BCIN_02g09380
BCIN_05g01810,BCIN_03g00110
BCIN_06g00580,BCIN_03g00400
BCIN_04g01550,BCIN_03g00450
BCIN_16g02150,BCIN_03g00500
BCIN_12g02330,BCIN_03g00520
BCIN_08g06880,BCIN_03g00580
BCIN_06g01730,BCIN_03g00750
BCIN_16g00870,BCIN_03g00760
BCIN_16g02380,BCIN_03g00780
BCIN_15g02420,BCIN_03g00990
BCIN_08g03890,BCIN_03g01450
BCIN_08g01980,BCIN_03g01600
BCIN_15g00120,BCIN_03g01690
BCIN_05g07630,BCIN_03g01710
BCIN_15g03960,BCIN_03g01720
BCIN_11g01860,BCIN_03g01730
BCIN_02g04620,BCIN_03g01840
BCIN_06g04660,BCIN_03g02160
BCIN_10g04410,BCIN_03g02170
BCIN_11g05700,BCIN_03g02190
BCIN_05g05300,BCIN_03g02250
BCIN_03g00630,BCIN_03g02330
BCIN_03g05900,BCIN_03g02350
BCIN_09g04970,BCIN_03g02460
BCIN_03g05150,BCIN_03g02510
BCIN_14g03980,BCIN_03g02570
BCIN_05g04900,BCIN_03g02580
BCIN_01g02700,BCIN_03g02630
BCIN_08g01610,BCIN_03g02650
BCIN_06g06380,BCIN_03g02660
BCIN_08g04480,BCIN_03g02740
BCIN_13g00490,BCIN_03g02760
BCIN_01g00860,BCIN_03g02770
BCIN_07g05440,BCIN_03g02780
BCIN_16g04110,BCIN_03g02830
BCIN_04g04920,BCIN_03g02870
BCIN_02g02310,BCIN_03g02880
BCIN_12g04480,BCIN_03g02890
BCIN_01g03710,BCIN_03g02900
BCIN_04g01680,BCIN_03g02910
BCIN_07g04860,BCIN_03g03010
BCIN_13g04360,BCIN_03g03030
BCIN_09g06750,BCIN_03g03060
BCIN_05g01390,BCIN_03g03070
BCIN_11g02280,BCIN_03g03090
BCIN_12g00840,BCIN_03g03240
BCIN_02g08370,BCIN_03g03380
BCIN_08g05840,BCIN_03g03420
BCIN_03g07540,BCIN_03g03630
BCIN_02g08920,BCIN_03g03710
BCIN_02g02140,BCIN_03g03720
BCIN_10g04670,BCIN_03g03810
BCIN_09g04150,BCIN_03g03860
BCIN_05g07510,BCIN_03g03940
BCIN_16g04370,BCIN_03g04060
BCIN_10g01070,BCIN_03g04080
BCIN_09g03680,BCIN_03g04100
BCIN_12g01910,BCIN_03g04130
BCIN_11g05080,BCIN_03g04140
BCIN_08g02050,BCIN_03g04240
BCIN_03g03650,BCIN_03g04360
BCIN_07g05550,BCIN_03g04450
BCIN_11g06180,BCIN_03g04470
BCIN_14g02060,BCIN_03g04550
BCIN_11g06240,BCIN_03g04590
BCIN_05g04720,BCIN_03g04610
BCIN_05g00120,BCIN_03g04620
BCIN_01g08370,BCIN_03g04640
BCIN_06g00630,BCIN_03g04670
BCIN_16g03450,BCIN_03g04680
BCIN_09g03980,BCIN_03g04690
BCIN_10g00240,BCIN_03g04750
BCIN_14g01860,BCIN_03g04770
BCIN_15g02320,BCIN_03g04800
BCIN_09g04140,BCIN_03g04890
BCIN_01g03360,BCIN_03g04910
BCIN_11g00340,BCIN_03g04940
BCIN_12g00870,BCIN_03g04970
BCIN_09g05300,BCIN_03g04990
BCIN_15g03320,BCIN_03g05250
BCIN_01g05810,BCIN_03g05510
BCIN_02g01310,BCIN_03g05640
BCIN_06g03890,BCIN_03g05650
BCIN_05g03170,BCIN_03g05820
BCIN_02g03990,BCIN_03g05830
BCIN_16g03940,BCIN_03g06040
BCIN_03g00640,BCIN_03g06060
BCIN_06g07020,BCIN_03g06080
BCIN_11g00140,BCIN_03g06100
BCIN_16g02270,BCIN_03g06180
BCIN_11g03570,BCIN_03g06300
BCIN_09g05520,BCIN_03g06360
BCIN_03g07180,BCIN_03g06380
BCIN_01g02490,BCIN_03g06420
BCIN_15g04210,BCIN_03g06450
BCIN_05g08070,BCIN_03g06610
BCIN_05g07030,BCIN_03g06630
BCIN_09g07010,BCIN_03g06810
BCIN_04g00460,BCIN_03g06820
BCIN_16g01580,BCIN_03g06910
BCIN_16g01290,BCIN_03g06920
BCIN_06g01200,BCIN_03g07030
BCIN_05g01530,BCIN_03g07100
BCIN_07g01520,BCIN_03g07250
BCIN_07g02990,BCIN_03g07310
BCIN_10g03200,BCIN_03g07410
BCIN_09g02590,BCIN_03g07480
BCIN_01g07780,BCIN_03g07580
BCIN_01g03070,BCIN_03g07600
BCIN_10g00900,BCIN_03g07640
BCIN_02g02940,BCIN_03g07660
BCIN_10g01550,BCIN_03g07670
BCIN_01g07260,BCIN_03g07680
BCIN_08g00990,BCIN_03g07690
BCIN_05g01510,BCIN_03g07700
BCIN_04g01540,BCIN_03g07710
BCIN_11g00440,BCIN_03g07860
BCIN_08g03410,BCIN_03g07880
BCIN_06g00060,BCIN_03g07900
BCIN_15g00210,BCIN_03g08170
BCIN_11g05740,BCIN_03g08220
BCIN_09g03950,BCIN_03g08260
BCIN_03g04850,BCIN_03g08290
BCIN_07g01080,BCIN_03g08380
BCIN_03g01520,BCIN_03g08470
BCIN_13g00290,BCIN_03g08530
BCIN_01g09590,BCIN_03g08650
BCIN_04g03530,BCIN_03g08680
BCIN_02g04060,BCIN_03g08760
BCIN_16g01600,BCIN_03g08780
BCIN_10g00330,BCIN_03g08820
BCIN_09g03970,BCIN_03g08830
BCIN_06g00330,BCIN_03g08840
BCIN_13g05430,BCIN_03g09130
BCIN_12g02760,BCIN_03g09140
BCIN_11g04480,BCIN_03g09150
BCIN_05g00010,BCIN_03g09290
BCIN_02g01260,BCIN_03g09310
BCIN_13g03120,BCIN_04g00050
BCIN_04g06080,BCIN_04g00130
BCIN_09g05400,BCIN_04g00150
BCIN_15g02730,BCIN_04g00180
BCIN_04g01450,BCIN_04g00200
BCIN_16g04360,BCIN_04g00210
BCIN_08g05860,BCIN_04g00250
BCIN_03g01850,BCIN_04g00370
BCIN_14g04630,BCIN_04g00380
BCIN_13g05460,BCIN_04g00410
BCIN_12g06760,BCIN_04g00420
BCIN_08g00770,BCIN_04g00450
BCIN_08g05350,BCIN_04g00530
BCIN_07g06700,BCIN_04g00630
BCIN_06g04850,BCIN_04g00660
BCIN_07g03410,BCIN_04g00740
BCIN_08g01350,BCIN_04g00790
BCIN_02g06210,BCIN_04g00810
BCIN_08g03980,BCIN_04g00840
BCIN_12g05560,BCIN_04g00850
BCIN_01g01820,BCIN_04g00870
BCIN_03g03200,BCIN_04g00880
BCIN_05g06430,BCIN_04g00990
BCIN_04g05640,BCIN_04g01030
BCIN_08g01620,BCIN_04g01050
BCIN_06g00400,BCIN_04g01080
BCIN_02g02980,BCIN_04g01090
BCIN_09g02080,BCIN_04g01120
BCIN_12g01010,BCIN_04g01190
BCIN_07g04460,BCIN_04g01250
BCIN_03g02710,BCIN_04g01480
BCIN_05g03450,BCIN_04g01520
BCIN_09g00250,BCIN_04g01570
BCIN_02g06450,BCIN_04g01580
BCIN_03g04380,BCIN_04g01630
BCIN_05g01280,BCIN_04g01840
BCIN_07g05560,BCIN_04g01850
BCIN_09g04400,BCIN_04g01870
BCIN_02g06080,BCIN_04g01950
BCIN_10g03350,BCIN_04g01960
BCIN_05g03760,BCIN_04g02060
BCIN_09g04610,BCIN_04g02090
BCIN_01g10560,BCIN_04g02120
BCIN_03g00700,BCIN_04g02190
BCIN_05g05560,BCIN_04g02290
BCIN_09g03360,BCIN_04g02310
BCIN_13g01940,BCIN_04g02330
BCIN_14g02500,BCIN_04g02390
BCIN_14g00130,BCIN_04g02400
BCIN_01g11220,BCIN_04g02490
BCIN_06g03940,BCIN_04g02520
BCIN_11g06210,BCIN_04g02540
BCIN_12g04090,BCIN_04g02640
BCIN_06g07380,BCIN_04g02790
BCIN_06g07290,BCIN_04g02890
BCIN_06g00410,BCIN_04g02970
BCIN_05g05480,BCIN_04g03040
BCIN_05g02240,BCIN_04g03090
BCIN_16g04640,BCIN_04g03120
BCIN_06g01710,BCIN_04g03130
BCIN_02g03670,BCIN_04g03350
BCIN_02g05970,BCIN_04g03360
BCIN_11g02310,BCIN_04g03370
BCIN_02g02150,BCIN_04g03420
BCIN_01g09440,BCIN_04g03430
BCIN_13g02770,BCIN_04g03550
BCIN_05g01060,BCIN_04g03670
BCIN_12g05870,BCIN_04g03680
BCIN_16g00120,BCIN_04g03690
BCIN_05g01450,BCIN_04g03790
BCIN_03g06740,BCIN_04g03800
BCIN_05g02800,BCIN_04g03830
BCIN_03g05430,BCIN_04g03870
BCIN_06g05150,BCIN_04g03980
BCIN_01g03060,BCIN_04g04010
BCIN_13g04670,BCIN_04g04080
BCIN_11g03030,BCIN_04g04160
BCIN_11g04470,BCIN_04g04210
BCIN_01g08100,BCIN_04g04430
BCIN_09g05650,BCIN_04g04450
BCIN_12g01540,BCIN_04g04490
BCIN_08g05870,BCIN_04g04520
BCIN_03g00790,BCIN_04g04590
BCIN_06g01370,BCIN_04g04770
BCIN_09g04210,BCIN_04g04810
BCIN_15g03630,BCIN_04g04930
BCIN_05g04350,BCIN_04g05030
BCIN_12g03490,BCIN_04g05050
BCIN_04g04790,BCIN_04g05150
BCIN_16g01350,BCIN_04g05360
BCIN_05g00710,BCIN_04g05370
BCIN_03g05170,BCIN_04g05380
BCIN_12g00550,BCIN_04g05560
BCIN_15g03620,BCIN_04g05600
BCIN_04g05200,BCIN_04g05610
BCIN_01g05680,BCIN_04g05850
BCIN_10g02060,BCIN_04g05990
BCIN_08g04080,BCIN_04g06030
BCIN_12g00860,BCIN_04g06040
BCIN_11g00380,BCIN_04g06050
BCIN_16g04590,BCIN_04g06070
BCIN_05g01550,BCIN_04g06100
BCIN_09g05970,BCIN_04g06340
BCIN_02g01740,BCIN_04g06350
BCIN_05g06320,BCIN_04g06360
BCIN_12g04410,BCIN_04g06370
BCIN_09g03810,BCIN_04g06390
BCIN_13g04920,BCIN_04g06430
BCIN_09g04020,BCIN_04g06520
BCIN_15g03820,BCIN_04g06530
BCIN_16g04040,BCIN_04g06540
BCIN_05g01690,BCIN_04g06600
BCIN_15g00760,BCIN_04g06610
BCIN_03g06120,BCIN_04g06650
BCIN_11g00540,BCIN_04g06660
BCIN_10g02280,BCIN_04g06680
BCIN_09g02270,BCIN_04g06720
BCIN_16g01800,BCIN_04g06790
BCIN_05g05210,BCIN_05g00090
BCIN_13g00770,BCIN_05g00130
BCIN_02g01080,BCIN_05g00140
BCIN_03g00620,BCIN_05g00220
BCIN_13g00840,BCIN_05g00240
BCIN_05g06290,BCIN_05g00360
BCIN_03g02440,BCIN_05g00410
BCIN_09g04650,BCIN_05g00540
BCIN_07g06620,BCIN_05g00570
BCIN_14g02460,BCIN_05g00620
BCIN_05g07640,BCIN_05g00630
BCIN_11g04050,BCIN_05g00680
BCIN_02g02320,BCIN_05g00740
BCIN_04g05940,BCIN_05g00750
BCIN_13g01880,BCIN_05g00760
BCIN_10g04030,BCIN_05g00790
BCIN_02g03080,BCIN_05g00840
BCIN_03g01500,BCIN_05g00870
BCIN_01g03290,BCIN_05g00930
BCIN_07g00740,BCIN_05g01100
BCIN_05g00350,BCIN_05g01130
BCIN_01g08520,BCIN_05g01240
BCIN_04g01830,BCIN_05g01420
BCIN_09g01200,BCIN_05g01560
BCIN_10g03790,BCIN_05g01570
BCIN_01g11050,BCIN_05g01610
BCIN_10g04220,BCIN_05g01640
BCIN_16g01380,BCIN_05g01660
BCIN_03g01130,BCIN_05g01750
BCIN_06g00150,BCIN_05g01820
BCIN_03g09180,BCIN_05g01830
BCIN_07g06710,BCIN_05g01960
BCIN_01g08070,BCIN_05g02090
BCIN_11g04170,BCIN_05g02130
BCIN_01g02270,BCIN_05g02170
BCIN_16g03190,BCIN_05g02180
BCIN_09g01460,BCIN_05g02390
BCIN_07g03800,BCIN_05g02470
BCIN_03g04430,BCIN_05g02630
BCIN_03g04040,BCIN_05g02710
BCIN_04g06850,BCIN_05g02820
BCIN_02g03160,BCIN_05g02830
BCIN_04g01920,BCIN_05g02840
BCIN_01g00790,BCIN_05g02960
BCIN_01g08050,BCIN_05g02970
BCIN_13g00270,BCIN_05g03040
BCIN_16g04180,BCIN_05g03110
BCIN_04g05870,BCIN_05g03150
BCIN_14g01450,BCIN_05g03290
BCIN_05g06280,BCIN_05g03340
BCIN_08g05390,BCIN_05g03370
BCIN_14g02910,BCIN_05g03380
BCIN_04g02980,BCIN_05g03470
BCIN_15g03150,BCIN_05g03510
BCIN_17g00030,BCIN_05g03520
BCIN_15g04760,BCIN_05g03530
BCIN_01g07550,BCIN_05g03540
BCIN_01g08940,BCIN_05g03550
BCIN_08g02920,BCIN_05g03570
BCIN_16g02700,BCIN_05g03580
BCIN_04g06620,BCIN_05g03610
BCIN_01g06210,BCIN_05g03700
BCIN_14g04170,BCIN_05g03710
BCIN_05g06550,BCIN_05g03720
BCIN_05g04050,BCIN_05g03750
BCIN_09g01920,BCIN_05g03790
BCIN_01g09760,BCIN_05g03830
BCIN_02g03910,BCIN_05g03870
BCIN_01g08270,BCIN_05g03880
BCIN_03g07210,BCIN_05g03920
BCIN_10g05940,BCIN_05g03930
BCIN_06g01420,BCIN_05g04030
BCIN_13g05800,BCIN_05g04040
BCIN_07g01590,BCIN_05g04070
BCIN_11g06040,BCIN_05g04280
BCIN_08g02830,BCIN_05g04290
BCIN_15g04750,BCIN_05g04300
BCIN_06g02720,BCIN_05g04480
BCIN_16g02100,BCIN_05g04520
BCIN_02g02170,BCIN_05g04530
BCIN_15g04970,BCIN_05g04540
BCIN_08g04730,BCIN_05g04550
BCIN_10g00560,BCIN_05g04680
BCIN_08g01490,BCIN_05g04750
BCIN_05g05860,BCIN_05g04770
BCIN_05g01040,BCIN_05g04830
BCIN_07g04100,BCIN_05g04850
BCIN_05g01120,BCIN_05g04880
BCIN_09g01410,BCIN_05g05000
BCIN_01g09980,BCIN_05g05050
BCIN_15g03880,BCIN_05g05100
BCIN_06g00550,BCIN_05g05110
BCIN_15g02110,BCIN_05g05150
BCIN_06g02540,BCIN_05g05320
BCIN_05g07430,BCIN_05g05350
BCIN_06g02140,BCIN_05g05470
BCIN_14g03740,BCIN_05g05520
BCIN_04g03620,BCIN_05g05600
BCIN_04g02320,BCIN_05g05650
BCIN_08g02080,BCIN_05g05700
BCIN_03g02030,BCIN_05g05840
BCIN_01g00750,BCIN_05g05870
BCIN_16g02790,BCIN_05g05910
BCIN_02g06240,BCIN_05g05920
BCIN_12g02140,BCIN_05g05930
BCIN_06g01560,BCIN_05g05960
BCIN_14g00230,BCIN_05g05980
BCIN_13g04640,BCIN_05g05990
BCIN_10g02590,BCIN_05g06010
BCIN_07g01840,BCIN_05g06020
BCIN_05g08360,BCIN_05g06150
BCIN_15g01630,BCIN_05g06160
BCIN_08g01050,BCIN_05g06270
BCIN_04g04500,BCIN_05g06510
BCIN_01g08280,BCIN_05g06700
BCIN_12g03720,BCIN_05g06780
BCIN_02g01300,BCIN_05g06840
BCIN_09g02490,BCIN_05g06880
BCIN_16g02860,BCIN_05g06970
BCIN_06g00640,BCIN_05g07050
BCIN_09g03860,BCIN_05g07150
BCIN_09g05550,BCIN_05g07160
BCIN_15g02460,BCIN_05g07180
BCIN_01g03590,BCIN_05g07200
BCIN_03g07470,BCIN_05g07210
BCIN_01g07230,BCIN_05g07220
BCIN_06g04900,BCIN_05g07230
BCIN_10g04350,BCIN_05g07240
BCIN_16g02200,BCIN_05g07250
BCIN_08g02150,BCIN_05g07340
BCIN_02g04370,BCIN_05g07350
BCIN_08g04200,BCIN_05g07400
BCIN_08g03570,BCIN_05g07480
BCIN_01g06750,BCIN_05g07520
BCIN_07g03480,BCIN_05g07910
BCIN_03g06350,BCIN_05g07990
BCIN_07g02250,BCIN_05g08000
BCIN_09g06160,BCIN_05g08050
BCIN_02g08290,BCIN_05g08290
BCIN_15g00330,BCIN_05g08390
BCIN_06g03070,BCIN_06g00130
BCIN_03g01920,BCIN_06g00390
BCIN_13g02400,BCIN_06g00430
BCIN_07g02520,BCIN_06g00440
BCIN_14g01030,BCIN_06g00530
BCIN_02g04360,BCIN_06g00590
BCIN_13g02510,BCIN_06g00710
BCIN_01g03510,BCIN_06g00720
BCIN_12g00160,BCIN_06g00960
BCIN_12g00970,BCIN_06g00970
BCIN_13g01370,BCIN_06g00990
BCIN_05g06920,BCIN_06g01000
BCIN_06g00140,BCIN_06g01020
BCIN_03g07050,BCIN_06g01030
BCIN_04g01400,BCIN_06g01160
BCIN_11g04230,BCIN_06g01170
BCIN_12g03930,BCIN_06g01180
BCIN_13g03740,BCIN_06g01230
BCIN_05g08270,BCIN_06g01390
BCIN_09g02460,BCIN_06g01510
BCIN_15g02880,BCIN_06g01540
BCIN_02g02110,BCIN_06g01620
BCIN_08g04420,BCIN_06g01720
BCIN_12g01410,BCIN_06g01780
BCIN_16g02880,BCIN_06g01790
BCIN_12g03970,BCIN_06g01840
BCIN_13g03750,BCIN_06g01880
BCIN_03g02110,BCIN_06g01910
BCIN_02g06860,BCIN_06g01980
BCIN_13g00750,BCIN_06g02090
BCIN_15g02740,BCIN_06g02240
BCIN_11g02710,BCIN_06g02250
BCIN_14g03090,BCIN_06g02330
BCIN_02g05610,BCIN_06g02360
BCIN_12g04260,BCIN_06g02370
BCIN_03g02120,BCIN_06g02390
BCIN_06g04940,BCIN_06g02410
BCIN_15g01190,BCIN_06g02420
BCIN_09g01550,BCIN_06g02490
BCIN_06g00270,BCIN_06g02610
BCIN_16g03680,BCIN_06g02620
BCIN_11g04710,BCIN_06g02640
BCIN_05g04130,BCIN_06g02850
BCIN_07g02750,BCIN_06g02860
BCIN_09g05630,BCIN_06g02910
BCIN_07g03760,BCIN_06g02930
BCIN_12g06600,BCIN_06g02970
BCIN_07g00270,BCIN_06g02980
BCIN_03g01490,BCIN_06g03090
BCIN_01g10990,BCIN_06g03100
BCIN_05g06190,BCIN_06g03110
BCIN_10g01030,BCIN_06g03180
BCIN_01g05370,BCIN_06g03250
BCIN_04g05060,BCIN_06g03270
BCIN_05g05040,BCIN_06g03400
BCIN_01g05300,BCIN_06g03600
BCIN_07g05140,BCIN_06g03660
BCIN_03g04960,BCIN_06g03670
BCIN_09g04190,BCIN_06g03800
BCIN_02g06520,BCIN_06g03810
BCIN_02g00480,BCIN_06g03960
BCIN_11g01190,BCIN_06g03970
BCIN_02g00790,BCIN_06g03990
BCIN_04g02040,BCIN_06g04000
BCIN_13g00130,BCIN_06g04070
BCIN_01g05950,BCIN_06g04080
BCIN_13g05610,BCIN_06g04090
BCIN_07g03200,BCIN_06g04110
BCIN_10g00570,BCIN_06g04400
BCIN_04g02150,BCIN_06g04410
BCIN_15g00500,BCIN_06g04420
BCIN_11g02290,BCIN_06g04530
BCIN_04g00770,BCIN_06g04540
BCIN_03g06990,BCIN_06g04640
BCIN_16g03010,BCIN_06g04670
BCIN_09g01850,BCIN_06g04820
BCIN_01g04630,BCIN_06g04830
BCIN_10g04260,BCIN_06g04880
BCIN_07g06170,BCIN_06g04960
BCIN_14g03730,BCIN_06g05080
BCIN_09g04200,BCIN_06g05130
BCIN_11g01430,BCIN_06g05240
BCIN_01g08510,BCIN_06g05260
BCIN_01g08710,BCIN_06g05270
BCIN_12g06450,BCIN_06g05300
BCIN_07g05960,BCIN_06g05340
BCIN_03g02950,BCIN_06g05360
BCIN_05g06200,BCIN_06g05380
BCIN_08g02860,BCIN_06g05400
BCIN_10g04710,BCIN_06g05430
BCIN_05g05810,BCIN_06g05440
BCIN_02g04670,BCIN_06g05520
BCIN_12g04240,BCIN_06g05600
BCIN_08g03680,BCIN_06g05730
BCIN_14g02370,BCIN_06g05770
BCIN_05g07100,BCIN_06g05780
BCIN_04g05440,BCIN_06g05850
BCIN_12g05420,BCIN_06g05890
BCIN_12g03540,BCIN_06g05900
BCIN_03g09050,BCIN_06g05930
BCIN_03g06500,BCIN_06g05940
BCIN_11g01230,BCIN_06g05960
BCIN_15g04110,BCIN_06g06010
BCIN_05g05590,BCIN_06g06020
BCIN_12g05730,BCIN_06g06080
BCIN_01g07180,BCIN_06g06140
BCIN_05g00510,BCIN_06g06270
BCIN_08g06410,BCIN_06g06360
BCIN_14g01560,BCIN_06g06370
BCIN_11g03590,BCIN_06g06420
BCIN_02g02400,BCIN_06g06480
BCIN_05g00440,BCIN_06g06500
BCIN_01g04850,BCIN_06g06590
BCIN_07g03590,BCIN_06g06640
BCIN_02g07930,BCIN_06g06670
BCIN_12g03030,BCIN_06g06730
BCIN_11g05240,BCIN_06g06760
BCIN_08g00730,BCIN_06g06920
BCIN_08g00650,BCIN_06g07110
BCIN_09g00540,BCIN_06g07150
BCIN_03g03610,BCIN_06g07160
BCIN_02g03050,BCIN_06g07190
BCIN_14g02690,BCIN_06g07210
BCIN_09g02480,BCIN_06g07430
BCIN_01g09610,BCIN_07g00050
BCIN_02g01520,BCIN_07g00060
BCIN_14g02973,BCIN_07g00070
BCIN_16g03700,BCIN_07g00110
BCIN_15g05540,BCIN_07g00160
BCIN_14g01380,BCIN_07g00180
BCIN_07g00330,BCIN_07g00230
BCIN_07g03600,BCIN_07g00340
BCIN_02g03820,BCIN_07g00360
BCIN_15g04450,BCIN_07g00370
BCIN_15g04670,BCIN_07g00380
BCIN_04g05000,BCIN_07g00400
BCIN_11g02720,BCIN_07g00490
BCIN_14g02170,BCIN_07g00510
BCIN_13g02850,BCIN_07g00720
BCIN_12g06520,BCIN_07g00730
BCIN_12g00050,BCIN_07g00750
BCIN_03g03390,BCIN_07g00760
BCIN_11g03530,BCIN_07g00790
BCIN_06g01270,BCIN_07g00960
BCIN_07g04380,BCIN_07g00970
BCIN_12g03130,BCIN_07g00990
BCIN_14g02920,BCIN_07g01000
BCIN_15g00380,BCIN_07g01010
BCIN_15g04950,BCIN_07g01020
BCIN_09g05510,BCIN_07g01050
BCIN_11g00500,BCIN_07g01060
BCIN_07g04850,BCIN_07g01380
BCIN_12g00260,BCIN_07g01460
BCIN_01g03460,BCIN_07g01480
BCIN_11g05680,BCIN_07g01550
BCIN_01g07870,BCIN_07g01600
BCIN_05g00960,BCIN_07g01610
BCIN_14g04580,BCIN_07g01700
BCIN_01g03370,BCIN_07g01900
BCIN_09g00120,BCIN_07g01910
BCIN_06g02400,BCIN_07g01960
BCIN_13g04240,BCIN_07g02070
BCIN_16g00830,BCIN_07g02100
BCIN_12g00010,BCIN_07g02120
BCIN_08g00140,BCIN_07g02140
BCIN_10g05280,BCIN_07g02160
BCIN_15g00740,BCIN_07g02170
BCIN_06g02030,BCIN_07g02280
BCIN_14g04870,BCIN_07g02480
BCIN_09g04470,BCIN_07g02740
BCIN_02g04690,BCIN_07g02770
BCIN_14g00110,BCIN_07g02790
BCIN_16g03130,BCIN_07g02860
BCIN_03g06680,BCIN_07g02960
BCIN_11g00410,BCIN_07g02980
BCIN_14g02840,BCIN_07g03000
BCIN_04g00400,BCIN_07g03050
BCIN_13g04720,BCIN_07g03180
BCIN_08g03150,BCIN_07g03240
BCIN_01g03180,BCIN_07g03260
BCIN_01g01550,BCIN_07g03270
BCIN_04g00360,BCIN_07g03300
BCIN_02g00230,BCIN_07g03310
BCIN_03g07380,BCIN_07g03380
BCIN_14g05230,BCIN_07g03390
BCIN_02g08380,BCIN_07g03500
BCIN_01g01490,BCIN_07g03510
BCIN_13g01180,BCIN_07g03520
BCIN_03g03040,BCIN_07g03750
BCIN_03g06490,BCIN_07g03770
BCIN_05g02340,BCIN_07g03780
BCIN_04g05860,BCIN_07g03840
BCIN_16g02720,BCIN_07g03890
BCIN_02g00420,BCIN_07g03930
BCIN_10g01120,BCIN_07g04020
BCIN_11g04130,BCIN_07g04130
BCIN_06g00820,BCIN_07g04200
BCIN_08g02070,BCIN_07g04330
BCIN_05g04580,BCIN_07g04340
BCIN_02g08990,BCIN_07g04430
BCIN_06g01930,BCIN_07g04590
BCIN_09g00960,BCIN_07g04650
BCIN_08g06100,BCIN_07g04660
BCIN_15g02780,BCIN_07g04700
BCIN_09g02860,BCIN_07g04720
BCIN_15g01910,BCIN_07g04730
BCIN_09g02680,BCIN_07g04750
BCIN_07g02350,BCIN_07g04760
BCIN_16g02010,BCIN_07g04780
BCIN_16g04580,BCIN_07g04800
BCIN_03g03740,BCIN_07g04830
BCIN_02g01560,BCIN_07g04890
BCIN_01g07750,BCIN_07g04910
BCIN_11g04770,BCIN_07g04920
BCIN_02g07430,BCIN_07g04950
BCIN_03g08670,BCIN_07g05050
BCIN_12g03410,BCIN_07g05060
BCIN_15g01250,BCIN_07g05160
BCIN_01g08860,BCIN_07g05490
BCIN_04g06860,BCIN_07g05620
BCIN_16g03800,BCIN_07g05710
BCIN_08g02210,BCIN_07g05720
BCIN_06g01680,BCIN_07g05830
BCIN_12g05690,BCIN_07g05920
BCIN_12g04170,BCIN_07g05930
BCIN_08g05630,BCIN_07g06070
BCIN_05g07310,BCIN_07g06080
BCIN_04g03390,BCIN_07g06120
BCIN_15g04790,BCIN_07g06200
BCIN_14g05340,BCIN_07g06430
BCIN_02g00820,BCIN_07g06460
BCIN_13g03450,BCIN_07g06490
BCIN_02g02450,BCIN_07g06510
BCIN_01g04530,BCIN_07g06680
BCIN_02g02350,BCIN_07g06810
BCIN_01g09970,BCIN_07g06820
BCIN_05g06490,BCIN_07g06960
BCIN_02g08420,BCIN_07g06970
BCIN_05g06910,BCIN_07g07030
BCIN_01g09950,BCIN_07g07070
BCIN_12g02610,BCIN_07g07110
BCIN_15g05190,BCIN_07p03530
BCIN_04g00920,BCIN_08g00160
BCIN_09g04390,BCIN_08g00290
BCIN_11g05520,BCIN_08g00320
BCIN_15g00430,BCIN_08g00330
BCIN_12g06620,BCIN_08g00350
BCIN_06g04720,BCIN_08g00440
BCIN_02g09340,BCIN_08g00550
BCIN_15g04190,BCIN_08g00570
BCIN_13g02500,BCIN_08g00640
BCIN_04g00330,BCIN_08g00700
BCIN_11g03450,BCIN_08g00830
BCIN_02g04930,BCIN_08g00920
BCIN_02g08070,BCIN_08g01040
BCIN_02g07120,BCIN_08g01060
BCIN_09g00530,BCIN_08g01070
BCIN_02g06150,BCIN_08g01080
BCIN_13g03760,BCIN_08g01090
BCIN_16g00530,BCIN_08g01100
BCIN_12g00140,BCIN_08g01110
BCIN_02g00830,BCIN_08g01160
BCIN_02g02790,BCIN_08g01250
BCIN_14g02960,BCIN_08g01260
BCIN_03g08630,BCIN_08g01270
BCIN_06g06460,BCIN_08g01470
BCIN_12g03670,BCIN_08g01560
BCIN_16g00780,BCIN_08g01570
BCIN_09g05170,BCIN_08g01580
BCIN_01g10530,BCIN_08g01590
BCIN_05g01300,BCIN_08g01710
BCIN_13g02750,BCIN_08g01780
BCIN_12g00280,BCIN_08g01810
BCIN_02g00140,BCIN_08g01830
BCIN_09g06440,BCIN_08g01840
BCIN_07g05540,BCIN_08g01860
BCIN_01g08110,BCIN_08g02140
BCIN_08g01990,BCIN_08g02230
BCIN_02g04610,BCIN_08g02320
BCIN_03g00910,BCIN_08g02530
BCIN_02g05720,BCIN_08g02540
BCIN_03g04170,BCIN_08g02580
BCIN_16g01370,BCIN_08g02590
BCIN_11g06530,BCIN_08g02680
BCIN_12g03710,BCIN_08g02700
BCIN_07g04680,BCIN_08g02710
BCIN_01g00970,BCIN_08g02720
BCIN_15g02710,BCIN_08g02730
BCIN_06g04060,BCIN_08g02880
BCIN_15g04620,BCIN_08g02970
BCIN_02g03550,BCIN_08g02990
BCIN_02g07560,BCIN_08g03000
BCIN_15g02330,BCIN_08g03030
BCIN_02g03790,BCIN_08g03050
BCIN_01g03950,BCIN_08g03120
BCIN_02g09090,BCIN_08g03180
BCIN_01g06640,BCIN_08g03260
BCIN_07g01990,BCIN_08g03380
BCIN_06g06880,BCIN_08g03390
BCIN_01g08850,BCIN_08g03440
BCIN_05g03180,BCIN_08g03450
BCIN_01g01400,BCIN_08g03460
BCIN_02g00960,BCIN_08g03490
BCIN_09g05160,BCIN_08g03500
BCIN_10g01960,BCIN_08g03520
BCIN_08g05950,BCIN_08g03540
BCIN_13g00690,BCIN_08g03550
BCIN_05g03730,BCIN_08g03650
BCIN_03g00100,BCIN_08g03660
BCIN_01g10580,BCIN_08g03670
BCIN_16g00290,BCIN_08g03780
BCIN_09g04920,BCIN_08g03830
BCIN_05g05760,BCIN_08g03850
BCIN_12g06180,BCIN_08g03920
BCIN_03g09210,BCIN_08g03970
BCIN_12g05580,BCIN_08g03990
BCIN_09g05250,BCIN_08g04000
BCIN_05g04430,BCIN_08g04050
BCIN_08g06700,BCIN_08g04120
BCIN_05g05720,BCIN_08g04140
BCIN_05g07840,BCIN_08g04180
BCIN_13g03500,BCIN_08g04240
BCIN_16g03380,BCIN_08g04290
BCIN_12g01780,BCIN_08g04300
BCIN_14g01010,BCIN_08g04450
BCIN_11g01040,BCIN_08g04460
BCIN_13g02980,BCIN_08g04630
BCIN_01g11390,BCIN_08g04640
BCIN_01g04980,BCIN_08g04710
BCIN_15g01650,BCIN_08g04760
BCIN_15g05440,BCIN_08g04780
BCIN_07g06670,BCIN_08g04820
BCIN_02g01640,BCIN_08g04830
BCIN_16g04100,BCIN_08g04890
BCIN_06g05720,BCIN_08g04900
BCIN_06g04150,BCIN_08g04940
BCIN_03g02530,BCIN_08g04990
BCIN_16g03090,BCIN_08g05000
BCIN_10g02960,BCIN_08g05010
BCIN_06g05350,BCIN_08g05040
BCIN_13g05530,BCIN_08g05050
BCIN_02g03260,BCIN_08g05070
BCIN_11g03880,BCIN_08g05090
BCIN_15g03330,BCIN_08g05100
BCIN_13g02460,BCIN_08g05150
BCIN_03g05810,BCIN_08g05160
BCIN_01g02990,BCIN_08g05240
BCIN_14g02800,BCIN_08g05310
BCIN_03g08150,BCIN_08g05360
BCIN_05g01730,BCIN_08g05420
BCIN_13g04170,BCIN_08g05430
BCIN_02g05750,BCIN_08g05500
BCIN_14g03400,BCIN_08g05760
BCIN_01g01940,BCIN_08g05780
BCIN_02g05180,BCIN_08g05880
BCIN_05g06640,BCIN_08g05930
BCIN_03g05410,BCIN_08g06140
BCIN_09g02600,BCIN_08g06350
BCIN_05g04890,BCIN_08g06420
BCIN_03g05420,BCIN_08g06450
BCIN_03g05240,BCIN_08g06490
BCIN_12g04300,BCIN_08g06500
BCIN_10g02660,BCIN_08g06630
BCIN_03g05910,BCIN_08g06680
BCIN_11g04220,BCIN_08g06710
BCIN_01g07720,BCIN_08g06730
BCIN_17g00230,BCIN_08g06800
BCIN_03g02370,BCIN_08g06830
BCIN_12g03760,BCIN_08g06840
BCIN_09g05800,BCIN_08g06860
BCIN_08g00110,BCIN_08g06990
BCIN_08g06600,BCIN_08g07120
BCIN_02g08480,BCIN_09g00100
BCIN_05g05160,BCIN_09g00110
BCIN_08g00340,BCIN_09g00160
BCIN_14g02450,BCIN_09g00170
BCIN_09g04600,BCIN_09g00190
BCIN_03g07460,BCIN_09g00220
BCIN_01g04030,BCIN_09g00230
BCIN_11g04720,BCIN_09g00240
BCIN_01g10140,BCIN_09g00260
BCIN_10g00600,BCIN_09g00350
BCIN_02g05880,BCIN_09g00370
BCIN_11g02610,BCIN_09g00500
BCIN_08g02020,BCIN_09g00570
BCIN_02g07580,BCIN_09g00650
BCIN_12g01020,BCIN_09g00660
BCIN_15g02790,BCIN_09g00730
BCIN_04g03220,BCIN_09g00750
BCIN_07g03980,BCIN_09g00810
BCIN_01g09490,BCIN_09g00830
BCIN_10g02050,BCIN_09g00870
BCIN_04g00600,BCIN_09g01170
BCIN_08g02170,BCIN_09g01180
BCIN_01g00950,BCIN_09g01210
BCIN_06g00830,BCIN_09g01240
BCIN_14g01910,BCIN_09g01260
BCIN_05g03850,BCIN_09g01310
BCIN_12g06460,BCIN_09g01360
BCIN_04g04320,BCIN_09g01420
BCIN_02g02250,BCIN_09g01520
BCIN_03g00610,BCIN_09g01580
BCIN_02g05730,BCIN_09g01590
BCIN_02g06810,BCIN_09g01610
BCIN_05g08110,BCIN_09g01670
BCIN_15g03850,BCIN_09g01690
BCIN_08g01130,BCIN_09g01770
BCIN_11g00830,BCIN_09g01800
BCIN_05g06250,BCIN_09g01830
BCIN_14g00290,BCIN_09g01910
BCIN_02g01650,BCIN_09g01980
BCIN_15g01490,BCIN_09g01990
BCIN_08g00210,BCIN_09g02040
BCIN_03g01780,BCIN_09g02130
BCIN_03g08640,BCIN_09g02400
BCIN_03g02430,BCIN_09g02440
BCIN_01g11230,BCIN_09g02560
BCIN_07g00410,BCIN_09g02630
BCIN_09g02690,BCIN_09g02800
BCIN_15g02270,BCIN_09g02820
BCIN_12g02960,BCIN_09g02950
BCIN_08g05200,BCIN_09g02960
BCIN_05g02410,BCIN_09g03040
BCIN_16g03360,BCIN_09g03050
BCIN_12g04540,BCIN_09g03060
BCIN_02g02770,BCIN_09g03090
BCIN_15g04200,BCIN_09g03110
BCIN_08g01770,BCIN_09g03120
BCIN_06g02280,BCIN_09g03190
BCIN_14g03230,BCIN_09g03210
BCIN_07g06610,BCIN_09g03330
BCIN_04g03280,BCIN_09g03410
BCIN_04g01410,BCIN_09g03440
BCIN_06g04860,BCIN_09g03490
BCIN_11g01400,BCIN_09g03820
BCIN_10g04090,BCIN_09g03900
BCIN_01g04050,BCIN_09g03930
BCIN_09g01150,BCIN_09g04100
BCIN_01g07640,BCIN_09g04160
BCIN_11g05260,BCIN_09g04270
BCIN_08g06930,BCIN_09g04280
BCIN_03g02080,BCIN_09g04410
BCIN_16g04770,BCIN_09g04520
BCIN_05g01310,BCIN_09g04540
BCIN_02g06070,BCIN_09g04550
BCIN_05g07280,BCIN_09g04580
BCIN_08g03330,BCIN_09g04620
BCIN_09g05290,BCIN_09g04630
BCIN_08g05850,BCIN_09g04690
BCIN_14g02280,BCIN_09g04710
BCIN_08g02430,BCIN_09g04730
BCIN_11g04690,BCIN_09g05000
BCIN_06g03510,BCIN_09g05080
BCIN_03g04860,BCIN_09g05100
BCIN_04g05450,BCIN_09g05270
BCIN_04g05680,BCIN_09g05310
BCIN_05g06660,BCIN_09g05380
BCIN_05g03490,BCIN_09g05440
BCIN_12g01420,BCIN_09g05580
BCIN_03g01570,BCIN_09g05610
BCIN_04g01910,BCIN_09g05910
BCIN_01g11240,BCIN_09g05930
BCIN_10g02360,BCIN_09g05940
BCIN_03g08090,BCIN_09g06090
BCIN_16g03720,BCIN_09g06180
BCIN_16g01330,BCIN_09g06240
BCIN_11g00400,BCIN_09g06300
BCIN_13g04550,BCIN_09g06410
BCIN_04g00320,BCIN_09g06420
BCIN_04g05430,BCIN_09g06580
BCIN_05g03100,BCIN_09g06590
BCIN_01g09990,BCIN_09g06630
BCIN_11g01910,BCIN_09g06640
BCIN_13g01510,BCIN_09g06670
BCIN_04g00260,BCIN_09g06680
BCIN_02g03430,BCIN_09g06690
BCIN_08g00090,BCIN_09g06700
BCIN_16g04990,BCIN_09g06710
BCIN_01g09450,BCIN_09g06840
BCIN_09g06970,BCIN_09g06850
BCIN_06g06800,BCIN_09g06980
BCIN_11g01380,BCIN_09g07100
BCIN_09g04380,BCIN_09g07110
BCIN_02g04250,BCIN_09g07130
BCIN_09g01250,BCIN_10g00130
BCIN_01g09520,BCIN_10g00200
BCIN_04g04800,BCIN_10g00340
BCIN_16g00320,BCIN_10g00460
BCIN_05g02940,BCIN_10g00480
BCIN_09g02770,BCIN_10g00490
BCIN_13g03180,BCIN_10g00520
BCIN_07g06790,BCIN_10g00580
BCIN_16g02640,BCIN_10g00640
BCIN_11g02010,BCIN_10g00680
BCIN_08g06270,BCIN_10g00750
BCIN_05g07090,BCIN_10g00780
BCIN_07g05300,BCIN_10g00940
BCIN_02g01690,BCIN_10g00970
BCIN_01g10790,BCIN_10g00980
BCIN_09g02550,BCIN_10g01020
BCIN_15g05030,BCIN_10g01050
BCIN_16g02910,BCIN_10g01060
BCIN_13g04440,BCIN_10g01080
BCIN_11g01650,BCIN_10g01190
BCIN_16g03590,BCIN_10g01250
BCIN_03g03270,BCIN_10g01280
BCIN_06g07370,BCIN_10g01330
BCIN_10g01160,BCIN_10g01340
BCIN_12g05050,BCIN_10g01350
BCIN_02g08020,BCIN_10g01380
BCIN_05g07070,BCIN_10g01390
BCIN_11g02300,BCIN_10g01470
BCIN_10g03780,BCIN_10g01660
BCIN_11g02450,BCIN_10g01780
BCIN_15g02560,BCIN_10g01880
BCIN_12g04760,BCIN_10g02130
BCIN_12g02450,BCIN_10g02140
BCIN_01g01520,BCIN_10g02200
BCIN_11g05460,BCIN_10g02300
BCIN_01g05210,BCIN_10g02370
BCIN_07g02800,BCIN_10g02380
BCIN_01g11350,BCIN_10g02390
BCIN_06g05910,BCIN_10g02420
BCIN_01g03540,BCIN_10g02460
BCIN_03g05210,BCIN_10g02630
BCIN_09g02850,BCIN_10g02810
BCIN_06g06130,BCIN_10g02850
BCIN_16g02830,BCIN_10g02870
BCIN_01g02500,BCIN_10g02940
BCIN_04g03890,BCIN_10g02980
BCIN_06g02190,BCIN_10g02990
BCIN_04g05270,BCIN_10g03010
BCIN_06g01580,BCIN_10g03040
BCIN_11g02110,BCIN_10g03050
BCIN_16g04280,BCIN_10g03060
BCIN_06g05690,BCIN_10g03120
BCIN_08g04860,BCIN_10g03150
BCIN_01g03680,BCIN_10g03220
BCIN_04g03310,BCIN_10g03240
BCIN_15g03660,BCIN_10g03280
BCIN_05g00320,BCIN_10g03290
BCIN_02g05930,BCIN_10g03370
BCIN_09g02910,BCIN_10g03410
BCIN_15g05130,BCIN_10g03420
BCIN_13g00790,BCIN_10g03430
BCIN_09g05330,BCIN_10g03440
BCIN_06g01520,BCIN_10g03560
BCIN_05g04310,BCIN_10g03570
BCIN_06g02460,BCIN_10g03610
BCIN_11g02070,BCIN_10g03700
BCIN_01g05330,BCIN_10g03730
BCIN_02g05870,BCIN_10g03740
BCIN_03g05180,BCIN_10g03760
BCIN_05g04420,BCIN_10g03770
BCIN_11g05190,BCIN_10g03820
BCIN_11g05570,BCIN_10g03880
BCIN_10g00300,BCIN_10g03980
BCIN_06g00022,BCIN_10g04000
BCIN_08g02510,BCIN_10g04010
BCIN_15g05280,BCIN_10g04060
BCIN_14g04920,BCIN_10g04110
BCIN_09g03640,BCIN_10g04120
BCIN_05g08030,BCIN_10g04280
BCIN_03g06330,BCIN_10g04310
BCIN_01g02120,BCIN_10g04320
BCIN_08g03210,BCIN_10g04450
BCIN_07g05400,BCIN_10g04530
BCIN_13g04350,BCIN_10g04600
BCIN_01g02670,BCIN_10g04820
BCIN_10g00950,BCIN_10g04950
BCIN_03g00270,BCIN_10g04960
BCIN_08g05520,BCIN_10g04990
BCIN_05g07670,BCIN_10g05020
BCIN_08g07050,BCIN_10g05060
BCIN_12g05960,BCIN_10g05100
BCIN_08g06380,BCIN_10g05150
BCIN_12g02310,BCIN_10g05170
BCIN_02g06030,BCIN_10g05180
BCIN_05g05450,BCIN_10g05190
BCIN_12g05220,BCIN_10g05250
BCIN_02g05050,BCIN_10g05290
BCIN_07g01470,BCIN_10g05330
BCIN_01g00500,BCIN_10g05510
BCIN_09g02230,BCIN_10g05540
BCIN_06g07410,BCIN_10g05560
BCIN_05g08320,BCIN_10g05590
BCIN_12g06740,BCIN_10g05600
BCIN_08g03940,BCIN_10g05610
BCIN_14g01480,BCIN_10g05670
BCIN_01g10160,BCIN_10g05690
BCIN_04g01940,BCIN_10g05740
BCIN_03g01040,BCIN_10g05770
BCIN_09g06450,BCIN_10g05780
BCIN_06g06290,BCIN_10g05960
BCIN_01g08400,BCIN_10g05970
BCIN_05g00810,BCIN_10g05990
BCIN_09g04910,BCIN_10g06000
BCIN_12g06230,BCIN_10g06020
BCIN_09g03570,BCIN_10g06050
BCIN_08g01520,BCIN_10g06070
BCIN_05g02140,BCIN_10g06080
BCIN_12g06440,BCIN_10g06240
BCIN_02g05770,BCIN_11g00010
BCIN_10g03600,BCIN_11g00080
BCIN_03g00920,BCIN_11g00090
BCIN_03g08080,BCIN_11g00100
BCIN_12g04660,BCIN_11g00200
BCIN_14g01440,BCIN_11g00230
BCIN_15g04350,BCIN_11g00300
BCIN_14g01510,BCIN_11g00310
BCIN_07g01340,BCIN_11g00320
BCIN_11g03420,BCIN_11g00470
BCIN_02g08350,BCIN_11g00490
BCIN_16g03410,BCIN_11g00560
BCIN_04g01280,BCIN_11g00620
BCIN_14g04940,BCIN_11g00660
BCIN_09g06250,BCIN_11g00690
BCIN_08g04250,BCIN_11g00730
BCIN_02g08940,BCIN_11g00750
BCIN_10g02000,BCIN_11g00780
BCIN_02g09370,BCIN_11g00800
BCIN_04g01040,BCIN_11g00940
BCIN_06g00510,BCIN_11g00980
BCIN_06g05980,BCIN_11g01200
BCIN_09g02750,BCIN_11g01290
BCIN_01g08470,BCIN_11g01300
BCIN_10g00190,BCIN_11g01310
BCIN_02g01060,BCIN_11g01360
BCIN_06g03360,BCIN_11g01600
BCIN_11g05290,BCIN_11g01680
BCIN_09g02000,BCIN_11g01930
BCIN_05g01030,BCIN_11g01940
BCIN_01g00580,BCIN_11g01980
BCIN_11g01810,BCIN_11g01990
BCIN_11g02180,BCIN_11g02410
BCIN_11g01280,BCIN_11g02440
BCIN_02g06400,BCIN_11g02810
BCIN_09g06620,BCIN_11g02820
BCIN_16g01450,BCIN_11g02920
BCIN_15g01930,BCIN_11g02930
BCIN_13g04730,BCIN_11g03060
BCIN_01g07210,BCIN_11g03080
BCIN_01g10020,BCIN_11g03110
BCIN_11g04060,BCIN_11g03190
BCIN_14g00970,BCIN_11g03230
BCIN_01g06650,BCIN_11g03250
BCIN_08g06430,BCIN_11g03290
BCIN_11g02240,BCIN_11g03300
BCIN_04g06990,BCIN_11g03310
BCIN_08g02030,BCIN_11g03330
BCIN_08g01530,BCIN_11g03400
BCIN_04g04100,BCIN_11g03520
BCIN_02g01620,BCIN_11g03560
BCIN_13g02330,BCIN_11g03620
BCIN_12g03290,BCIN_11g03640
BCIN_01g03010,BCIN_11g03680
BCIN_06g07300,BCIN_11g03700
BCIN_10g01840,BCIN_11g03710
BCIN_05g01630,BCIN_11g03730
BCIN_01g05420,BCIN_11g03800
BCIN_06g02770,BCIN_11g03810
BCIN_01g11430,BCIN_11g03830
BCIN_01g10300,BCIN_11g03860
BCIN_14g01750,BCIN_11g03910
BCIN_13g00370,BCIN_11g03940
BCIN_14g00340,BCIN_11g03960
BCIN_01g04170,BCIN_11g04010
BCIN_03g06980,BCIN_11g04070
BCIN_04g05970,BCIN_11g04190
BCIN_14g05260,BCIN_11g04240
BCIN_06g05050,BCIN_11g04250
BCIN_05g01380,BCIN_11g04300
BCIN_07g06340,BCIN_11g04310
BCIN_03g06050,BCIN_11g04340
BCIN_01g02600,BCIN_11g04380
BCIN_05g02050,BCIN_11g04490
BCIN_12g05760,BCIN_11g04500
BCIN_13g02310,BCIN_11g04510
BCIN_01g03570,BCIN_11g04570
BCIN_02g04170,BCIN_11g04600
BCIN_03g04570,BCIN_11g04740
BCIN_14g05160,BCIN_11g04750
BCIN_12g00710,BCIN_11g04820
BCIN_01g09280,BCIN_11g04850
BCIN_05g08060,BCIN_11g04900
BCIN_10g01700,BCIN_11g04980
BCIN_14g03490,BCIN_11g05150
BCIN_08g05530,BCIN_11g05160
BCIN_14g02770,BCIN_11g05180
BCIN_10g00310,BCIN_11g05210
BCIN_05g01920,BCIN_11g05220
BCIN_01g08390,BCIN_11g05440
BCIN_07g05330,BCIN_11g05590
BCIN_08g05700,BCIN_11g05620
BCIN_09g06730,BCIN_11g05650
BCIN_06g06280,BCIN_11g05770
BCIN_01g03890,BCIN_11g05810
BCIN_02g03450,BCIN_11g06010
BCIN_12g05310,BCIN_11g06050
BCIN_03g08810,BCIN_11g06060
BCIN_05g01460,BCIN_11g06100
BCIN_12g02830,BCIN_11g06170
BCIN_06g05390,BCIN_11g06230
BCIN_02g06900,BCIN_11g06260
BCIN_07g02880,BCIN_11g06270
BCIN_09g05470,BCIN_11g06300
BCIN_15g05590,BCIN_11g06310
BCIN_02g01480,BCIN_11g06420
BCIN_01g01840,BCIN_11g06430
BCIN_06g01090,BCIN_11g06480
BCIN_18g00180,BCIN_12g00170
BCIN_01g10740,BCIN_12g00250
BCIN_12g00990,BCIN_12g00320
BCIN_01g06840,BCIN_12g00430
BCIN_03g00900,BCIN_12g00460
BCIN_02g04680,BCIN_12g00540
BCIN_01g06880,BCIN_12g00640
BCIN_08g01940,BCIN_12g00660
BCIN_01g03420,BCIN_12g00730
BCIN_04g02740,BCIN_12g00750
BCIN_01g11200,BCIN_12g00820
BCIN_06g07250,BCIN_12g00830
BCIN_08g00480,BCIN_12g00930
BCIN_05g01720,BCIN_12g00980
BCIN_09g00840,BCIN_12g01050
BCIN_14g03450,BCIN_12g01090
BCIN_15g00170,BCIN_12g01230
BCIN_10g01320,BCIN_12g01280
BCIN_09g02200,BCIN_12g01350
BCIN_14g02600,BCIN_12g01370
BCIN_15g02170,BCIN_12g01400
BCIN_04g02420,BCIN_12g01440
BCIN_15g04150,BCIN_12g01710
BCIN_13g00740,BCIN_12g01770
BCIN_13g01240,BCIN_12g01800
BCIN_03g08250,BCIN_12g01880
BCIN_13g03470,BCIN_12g01920
BCIN_03g04920,BCIN_12g02070
BCIN_01g09960,BCIN_12g02150
BCIN_02g05590,BCIN_12g02280
BCIN_09g05190,BCIN_12g02370
BCIN_14g04670,BCIN_12g02520
BCIN_11g02990,BCIN_12g02530
BCIN_05g04320,BCIN_12g02540
BCIN_03g09270,BCIN_12g02660
BCIN_08g06030,BCIN_12g02690
BCIN_01g00370,BCIN_12g02700
BCIN_09g02260,BCIN_12g02740
BCIN_01g02870,BCIN_12g02800
BCIN_05g01590,BCIN_12g02820
BCIN_08g00760,BCIN_12g02860
BCIN_04g05730,BCIN_12g02870
BCIN_14g00100,BCIN_12g02910
BCIN_03g07820,BCIN_12g02920
BCIN_08g02390,BCIN_12g02940
BCIN_02g06950,BCIN_12g03060
BCIN_06g03610,BCIN_12g03150
BCIN_03g07940,BCIN_12g03190
BCIN_03g07150,BCIN_12g03200
BCIN_11g00120,BCIN_12g03280
BCIN_08g00070,BCIN_12g03310
BCIN_03g08370,BCIN_12g03320
BCIN_05g06120,BCIN_12g03330
BCIN_04g02800,BCIN_12g03350
BCIN_11g05970,BCIN_12g03380
BCIN_05g04380,BCIN_12g03620
BCIN_15g03860,BCIN_12g03630
BCIN_14g04640,BCIN_12g03790
BCIN_01g07930,BCIN_12g03840
BCIN_12g05770,BCIN_12g03870
BCIN_16g04560,BCIN_12g03910
BCIN_08g04430,BCIN_12g03940
BCIN_08g01760,BCIN_12g04030
BCIN_09g06390,BCIN_12g04150
BCIN_10g00420,BCIN_12g04460
BCIN_16g02560,BCIN_12g04500
BCIN_14g00720,BCIN_12g04580
BCIN_01g06170,BCIN_12g04610
BCIN_07g05070,BCIN_12g04620
BCIN_07g06220,BCIN_12g04680
BCIN_03g00230,BCIN_12g04810
BCIN_03g05920,BCIN_12g04850
BCIN_08g02490,BCIN_12g04890
BCIN_10g03170,BCIN_12g04930
BCIN_09g05810,BCIN_12g04940
BCIN_06g04810,BCIN_12g04950
BCIN_03g05790,BCIN_12g04970
BCIN_02g01970,BCIN_12g04980
BCIN_05g01140,BCIN_12g05000
BCIN_10g02320,BCIN_12g05040
BCIN_09g06040,BCIN_12g05100
BCIN_04g02680,BCIN_12g05140
BCIN_03g02280,BCIN_12g05200
BCIN_03g08020,BCIN_12g05240
BCIN_09g03560,BCIN_12g05280
BCIN_05g07600,BCIN_12g05360
BCIN_08g04610,BCIN_12g05370
BCIN_04g05710,BCIN_12g05470
BCIN_15g00510,BCIN_12g05720
BCIN_09g05420,BCIN_12g05790
BCIN_13g04310,BCIN_12g05985
BCIN_12g05710,BCIN_12g06120
BCIN_12g05170,BCIN_12g06170
BCIN_13g05100,BCIN_12g06200
BCIN_16g04350,BCIN_12g06470
BCIN_08g01640,BCIN_12g06480
BCIN_03g01660,BCIN_12g06530
BCIN_11g00990,BCIN_12g06560
BCIN_01g10150,BCIN_12g06810
BCIN_12g02780,BCIN_13g00120
BCIN_02g06820,BCIN_13g00280
BCIN_14g02850,BCIN_13g00310
BCIN_06g05320,BCIN_13g00320
BCIN_05g05220,BCIN_13g00330
BCIN_02g06310,BCIN_13g00480
BCIN_11g02670,BCIN_13g00520
BCIN_09g02890,BCIN_13g00560
BCIN_12g06430,BCIN_13g00600
BCIN_08g05730,BCIN_13g00620
BCIN_05g05460,BCIN_13g00630
BCIN_10g00360,BCIN_13g00780
BCIN_02g00950,BCIN_13g01000
BCIN_15g00190,BCIN_13g01010
BCIN_11g05930,BCIN_13g01060
BCIN_05g05170,BCIN_13g01090
BCIN_05g06070,BCIN_13g01110
BCIN_13g02370,BCIN_13g01120
BCIN_14g00310,BCIN_13g01130
BCIN_07g05320,BCIN_13g01150
BCIN_03g08240,BCIN_13g01320
BCIN_15g03120,BCIN_13g01340
BCIN_16g00690,BCIN_13g01390
BCIN_09g03920,BCIN_13g01410
BCIN_05g02460,BCIN_13g01430
BCIN_12g04750,BCIN_13g01760
BCIN_14g04180,BCIN_13g01830
BCIN_10g01170,BCIN_13g01850
BCIN_12g02430,BCIN_13g01900
BCIN_03g01900,BCIN_13g01970
BCIN_03g03800,BCIN_13g02010
BCIN_01g01500,BCIN_13g02090
BCIN_11g02630,BCIN_13g02190
BCIN_06g04470,BCIN_13g02220
BCIN_01g00630,BCIN_13g02390
BCIN_06g01690,BCIN_13g02410
BCIN_09g01400,BCIN_13g02470
BCIN_10g04130,BCIN_13g02600
BCIN_09g06520,BCIN_13g02630
BCIN_16g03340,BCIN_13g02640
BCIN_12g06710,BCIN_13g02690
BCIN_06g05630,BCIN_13g02860
BCIN_16g01570,BCIN_13g02940
BCIN_01g03000,BCIN_13g02970
BCIN_04g00780,BCIN_13g03000
BCIN_05g08180,BCIN_13g03010
BCIN_15g00470,BCIN_13g03020
BCIN_02g00320,BCIN_13g03040
BCIN_11g03360,BCIN_13g03260
BCIN_04g05250,BCIN_13g03320
BCIN_02g03460,BCIN_13g03330
BCIN_01g03210,BCIN_13g03340
BCIN_15g02670,BCIN_13g03360
BCIN_05g00070,BCIN_13g03370
BCIN_15g00980,BCIN_13g03410
BCIN_03g01760,BCIN_13g03420
BCIN_03g06340,BCIN_13g03430
BCIN_12g06750,BCIN_13g03440
BCIN_08g03530,BCIN_13g03490
BCIN_11g04160,BCIN_13g03590
BCIN_14g01070,BCIN_13g03630
BCIN_01g00890,BCIN_13g03640
BCIN_12g00240,BCIN_13g03680
BCIN_01g03130,BCIN_13g03690
BCIN_01g09580,BCIN_13g03710
BCIN_05g01930,BCIN_13g03720
BCIN_01g06740,BCIN_13g03730
BCIN_15g01270,BCIN_13g03770
BCIN_01g05250,BCIN_13g03810
BCIN_02g06420,BCIN_13g03820
BCIN_01g02690,BCIN_13g03840
BCIN_03g02980,BCIN_13g03980
BCIN_15g00220,BCIN_13g04010
BCIN_04g06330,BCIN_13g04150
BCIN_01g05520,BCIN_13g04220
BCIN_04g00830,BCIN_13g04260
BCIN_07g04180,BCIN_13g04290
BCIN_01g09370,BCIN_13g04400
BCIN_05g02930,BCIN_13g04430
BCIN_08g03080,BCIN_13g04470
BCIN_05g06710,BCIN_13g04510
BCIN_05g00770,BCIN_13g04520
BCIN_05g03640,BCIN_13g04570
BCIN_02g03210,BCIN_13g04630
BCIN_13g01930,BCIN_13g04700
BCIN_01g05540,BCIN_13g04780
BCIN_11g03390,BCIN_13g04810
BCIN_07g01150,BCIN_13g04840
BCIN_03g07110,BCIN_13g04880
BCIN_06g06440,BCIN_13g04910
BCIN_04g01360,BCIN_13g05010
BCIN_15g03510,BCIN_13g05050
BCIN_01g05650,BCIN_13g05060
BCIN_01g08030,BCIN_13g05080
BCIN_15g03530,BCIN_13g05140
BCIN_11g00260,BCIN_13g05150
BCIN_06g07350,BCIN_13g05160
BCIN_01g04480,BCIN_13g05190
BCIN_12g01390,BCIN_13g05200
BCIN_09g03800,BCIN_13g05240
BCIN_05g07590,BCIN_13g05260
BCIN_05g05610,BCIN_13g05270
BCIN_02g07150,BCIN_13g05300
BCIN_02g03090,BCIN_13g05400
BCIN_04g00110,BCIN_13g05440
BCIN_04g00390,BCIN_13g05450
BCIN_11g02220,BCIN_13g05470
BCIN_11g05090,BCIN_13g05730
BCIN_13g01560,BCIN_13g05760
BCIN_05g00210,BCIN_14g00170
BCIN_17g00040,BCIN_14g00300
BCIN_08g05550,BCIN_14g00360
BCIN_02g06730,BCIN_14g00540
BCIN_10g02260,BCIN_14g00880
BCIN_14g01950,BCIN_14g00950
BCIN_01g10950,BCIN_14g01100
BCIN_05g08330,BCIN_14g01170
BCIN_14g03790,BCIN_14g01200
BCIN_13g01730,BCIN_14g01220
BCIN_07g01890,BCIN_14g01230
BCIN_10g03580,BCIN_14g01240
BCIN_07g05670,BCIN_14g01250
BCIN_04g05470,BCIN_14g01260
BCIN_06g02350,BCIN_14g01270
BCIN_04g00070,BCIN_14g01290
BCIN_15g05230,BCIN_14g01300
BCIN_07g02890,BCIN_14g01390
BCIN_03g08110,BCIN_14g01400
BCIN_08g03610,BCIN_14g01420
BCIN_02g01580,BCIN_14g01500
BCIN_02g06470,BCIN_14g01550
BCIN_02g06960,BCIN_14g01570
BCIN_01g08310,BCIN_14g01590
BCIN_10g04510,BCIN_14g01710
BCIN_02g04460,BCIN_14g01720
BCIN_15g02120,BCIN_14g01770
BCIN_03g06840,BCIN_14g01790
BCIN_07g01970,BCIN_14g01810
BCIN_08g05110,BCIN_14g01820
BCIN_08g03010,BCIN_14g01830
BCIN_06g02340,BCIN_14g01940
BCIN_06g07610,BCIN_14g01970
BCIN_01g00710,BCIN_14g02120
BCIN_08g06020,BCIN_14g02250
BCIN_09g01120,BCIN_14g02290
BCIN_07g06550,BCIN_14g02490
BCIN_08g05380,BCIN_14g02510
BCIN_10g04690,BCIN_14g02520
BCIN_01g02350,BCIN_14g02530
BCIN_04g05670,BCIN_14g02590
BCIN_07g00460,BCIN_14g02610
BCIN_04g05650,BCIN_14g02650
BCIN_10g05660,BCIN_14g02730
BCIN_01g05400,BCIN_14g02820
BCIN_08g00240,BCIN_14g02900
BCIN_02g04840,BCIN_14g03050
BCIN_10g05920,BCIN_14g03060
BCIN_05g06790,BCIN_14g03070
BCIN_03g05800,BCIN_14g03080
BCIN_08g04980,BCIN_14g03140
BCIN_01g01950,BCIN_14g03150
BCIN_17g00140,BCIN_14g03190
BCIN_15g05430,BCIN_14g03260
BCIN_02g04530,BCIN_14g03370
BCIN_06g04730,BCIN_14g03430
BCIN_04g05190,BCIN_14g03460
BCIN_01g05460,BCIN_14g03650
BCIN_16g03970,BCIN_14g03660
BCIN_01g01110,BCIN_14g03680
BCIN_14g03530,BCIN_14g03850
BCIN_09g06400,BCIN_14g03880
BCIN_06g04610,BCIN_14g03890
BCIN_16g05000,BCIN_14g03930
BCIN_01g07560,BCIN_14g03970
BCIN_02g08730,BCIN_14g04030
BCIN_14g00180,BCIN_14g04080
BCIN_04g00580,BCIN_14g04140
BCIN_03g05370,BCIN_14g04190
BCIN_14g05570,BCIN_14g04250
BCIN_13g05630,BCIN_14g04290
BCIN_16g02220,BCIN_14g04300
BCIN_15g03100,BCIN_14g04310
BCIN_12g00120,BCIN_14g04380
BCIN_02g00310,BCIN_14g04420
BCIN_08g06050,BCIN_14g04430
BCIN_08g02120,BCIN_14g04440
BCIN_13g03790,BCIN_14g04460
BCIN_09g03730,BCIN_14g04470
BCIN_02g05220,BCIN_14g04490
BCIN_01g01100,BCIN_14g04540
BCIN_08g06370,BCIN_14g04550
BCIN_03g00290,BCIN_14g04730
BCIN_13g05860,BCIN_14g04770
BCIN_09g00720,BCIN_14g04800
BCIN_03g02730,BCIN_14g05050
BCIN_02g03530,BCIN_14g05090
BCIN_05g02910,BCIN_14g05120
BCIN_03g03520,BCIN_14g05220
BCIN_10g04920,BCIN_14g05240
BCIN_03g00150,BCIN_14g05330
BCIN_12g03500,BCIN_14g05360
BCIN_01g03630,BCIN_15g00200
BCIN_01g03530,BCIN_15g00240
BCIN_10g05930,BCIN_15g00270
BCIN_10g02270,BCIN_15g00300
BCIN_09g00020,BCIN_15g00410
BCIN_04g04360,BCIN_15g00480
BCIN_06g04840,BCIN_15g00490
BCIN_01g00400,BCIN_15g00570
BCIN_01g02550,BCIN_15g00580
BCIN_14g00920,BCIN_15g00590
BCIN_10g04080,BCIN_15g00810
BCIN_14g02200,BCIN_15g00880
BCIN_15g02060,BCIN_15g00970
BCIN_04g00290,BCIN_15g00990
BCIN_13g05590,BCIN_15g01020
BCIN_05g04330,BCIN_15g01090
BCIN_01g10550,BCIN_15g01110
BCIN_15g04420,BCIN_15g01150
BCIN_01g07620,BCIN_15g01200
BCIN_12g04080,BCIN_15g01210
BCIN_03g02210,BCIN_15g01310
BCIN_07g02390,BCIN_15g01320
BCIN_13g03510,BCIN_15g01450
BCIN_01g07420,BCIN_15g01470
BCIN_12g01300,BCIN_15g01480
BCIN_05g07490,BCIN_15g01500
BCIN_05g01860,BCIN_15g01570
BCIN_05g04740,BCIN_15g01860
BCIN_01g08450,BCIN_15g01880
BCIN_01g00200,BCIN_15g01900
BCIN_02g03180,BCIN_15g01920
BCIN_07g04230,BCIN_15g02020
BCIN_01g01620,BCIN_15g02040
BCIN_08g00560,BCIN_15g02050
BCIN_08g02040,BCIN_15g02070
BCIN_05g02950,BCIN_15g02140
BCIN_02g04760,BCIN_15g02160
BCIN_15g02240,BCIN_15g02180
BCIN_07g05310,BCIN_15g02200
BCIN_13g05870,BCIN_15g02260
BCIN_16g04420,BCIN_15g02360
BCIN_05g04270,BCIN_15g02410
BCIN_12g00210,BCIN_15g02480
BCIN_01g01240,BCIN_15g02550
BCIN_06g04740,BCIN_15g02570
BCIN_07g06260,BCIN_15g02590
BCIN_08g04750,BCIN_15g02650
BCIN_07g04990,BCIN_15g02700
BCIN_07g05610,BCIN_15g02750
BCIN_02g02700,BCIN_15g02760
BCIN_01g10660,BCIN_15g02820
BCIN_13g01570,BCIN_15g02930
BCIN_01g00650,BCIN_15g02940
BCIN_14g02680,BCIN_15g02950
BCIN_08g00420,BCIN_15g03020
BCIN_01g00290,BCIN_15g03190
BCIN_11g05010,BCIN_15g03220
BCIN_16g02340,BCIN_15g03230
BCIN_07g02610,BCIN_15g03290
BCIN_15g01390,BCIN_15g03300
BCIN_06g05590,BCIN_15g03360
BCIN_10g04940,BCIN_15g03410
BCIN_03g03910,BCIN_15g03420
BCIN_12g03390,BCIN_15g03460
BCIN_13g05560,BCIN_15g03600
BCIN_01g04800,BCIN_15g03670
BCIN_06g03290,BCIN_15g03690
,BCIN_15g03700
,BCIN_15g03740
,BCIN_15g03870
,BCIN_15g03920
,BCIN_15g04240
,BCIN_15g04510
,BCIN_15g04600
,BCIN_15g04640
,BCIN_15g04660
,BCIN_15g04700
,BCIN_15g04980
,BCIN_15g05080
,BCIN_15g05090
,BCIN_15g05310
,BCIN_15g05350
,BCIN_15g05370
,BCIN_15g05560
,BCIN_15g05680
,BCIN_15g05700
,BCIN_16g00090
,BCIN_16g00360
,BCIN_16g00520
,BCIN_16g00570
,BCIN_16g00620
,BCIN_16g00660
,BCIN_16g00720
,BCIN_16g00730
,BCIN_16g00960
,BCIN_16g00980
,BCIN_16g00990
,BCIN_16g01000
,BCIN_16g01010
,BCIN_16g01040
,BCIN_16g01050
,BCIN_16g01080
,BCIN_16g01090
,BCIN_16g01110
,BCIN_16g01180
,BCIN_16g01190
,BCIN_16g01300
,BCIN_16g01310
,BCIN_16g01410
,BCIN_16g01420
,BCIN_16g01500
,BCIN_16g01560
,BCIN_16g01590
,BCIN_16g01670
,BCIN_16g01700
,BCIN_16g01750
,BCIN_16g01760
,BCIN_16g01770
,BCIN_16g01780
,BCIN_16g01830
,BCIN_16g01890
,BCIN_16g01920
,BCIN_16g01990
,BCIN_16g02040
,BCIN_16g02140
,BCIN_16g02190
,BCIN_16g02360
,BCIN_16g02390
,BCIN_16g02430
,BCIN_16g02540
,BCIN_16g02570
,BCIN_16g02680
,BCIN_16g02710
,BCIN_16g03030
,BCIN_16g03080
,BCIN_16g03150
,BCIN_16g03280
,BCIN_16g03290
,BCIN_16g03390
,BCIN_16g03430
,BCIN_16g03440
,BCIN_16g03500
,BCIN_16g03530
,BCIN_16g03550
,BCIN_16g03570
,BCIN_16g03650
,BCIN_16g03670
,BCIN_16g03730
,BCIN_16g03880
,BCIN_16g03930
,BCIN_16g04210
,BCIN_16g04230
,BCIN_16g04260
,BCIN_16g04270
,BCIN_16g04410
,BCIN_16g04440
,BCIN_16g04540
,BCIN_16g04680
,BCIN_16g04700
,BCIN_16g04710
,BCIN_16g04790
,BCIN_16g04830
,BCIN_16g04910
,BCIN_16g05070
,BCIN_16g05080
,BCIN_16g05110
,BCIN_16g05120
,BCIN_16g05130
,BCIN_16g05140
,BCIN_16g05170
,BCIN_16g05180
